model_id,max_speed,displacement,doors,seats,type_id,transmission,fuel,horsepower,price
1,235.0,1.8,5,5,4,manual,electrico,346 HP,170696.43
2,220.0,1.8,4,5,3,automatic,diesel,149 HP,90629.06
3,228.0,2.0,4,5,3,automatic,híbrido,303 HP,93150.65
4,230.0,2.0,5,5,2,manual,híbrido,120 HP,160782.01
5,234.0,3.0,5,5,2,automatic,híbrido,437 HP,41929.38
11,242.0,1.8,4,5,3,manual,gasolina,332 HP,41603.38
12,250.0,4.2,2,4,3,automatic,diesel,160 HP,93748.17
13,250.0,4.0,5,4,6,automatic,gasolina,129 HP,43717.09
19,203.0,1.4,3,4,4,automatic,híbrido,195 HP,191887.33
21,238.0,2.0,5,5,7,automatic,diesel,378 HP,23472.95
22,250.0,2.0,2,4,12,automatic,diesel,152 HP,171208.76
23,248.0,2.0,2,4,3,automatic,electrico,435 HP,171064.47
24,242.0,2.0,5,4,6,manual,diesel,372 HP,198880.73
25,240.0,2.0,4,5,3,manual,electrico,243 HP,83313.13
26,235.0,2.5,5,5,6,automatic,diesel,261 HP,166496.39
27,237.0,2.5,4,5,3,automatic,gasolina,130 HP,22037.11
28,228.0,2.0,4,5,3,automatic,diesel,163 HP,104537.47
31,225.0,2.0,5,5,2,automatic,diesel,297 HP,147778.04
32,222.0,3.0,5,5,2,automatic,electrico,182 HP,68103.47
33,300.0,4.2,2,2,10,manual,diesel,313 HP,55369.49
34,250.0,3.0,2,4,12,manual,electrico,348 HP,140225.33
35,250.0,3.0,2,4,3,manual,diesel,446 HP,138549.0
36,250.0,3.0,5,5,6,automatic,diesel,173 HP,66179.07
38,250.0,4.0,5,4,6,manual,gasolina,356 HP,130844.63
39,250.0,4.0,4,5,3,automatic,híbrido,269 HP,146489.74
40,250.0,3.0,5,5,2,automatic,diesel,428 HP,178106.81
41,250.0,2.0,2,2,12,automatic,diesel,135 HP,34568.82
42,250.0,2.0,2,4,10,automatic,electrico,439 HP,123653.09
43,242.0,2.0,2,2,12,manual,híbrido,237 HP,38154.48
44,245.0,2.0,2,4,10,manual,diesel,201 HP,74546.84
68,210.0,1.6,4,5,3,manual,electrico,355 HP,49017.89
69,200.0,2.0,5,5,2,automatic,electrico,389 HP,178741.17
70,225.0,2.0,4,5,3,automatic,gasolina,460 HP,109399.18
71,250.0,3.0,2,4,3,automatic,electrico,385 HP,131396.18
72,250.0,4.0,2,4,3,manual,gasolina,401 HP,148636.69
73,250.0,3.0,4,5,3,manual,híbrido,232 HP,122589.93
74,250.0,3.0,2,4,3,manual,electrico,208 HP,33629.32
75,250.0,4.4,4,5,3,manual,híbrido,252 HP,151932.7
76,250.0,4.4,2,4,3,manual,gasolina,338 HP,69648.09
77,250.0,4.4,4,5,3,automatic,diesel,275 HP,83153.9
78,250.0,4.4,5,5,2,automatic,diesel,402 HP,32067.48
79,250.0,4.4,5,4,2,automatic,gasolina,441 HP,165833.86
81,250.0,4.0,2,4,9,manual,híbrido,183 HP,62874.0
82,212.0,2.0,2,4,12,manual,híbrido,404 HP,142084.02
83,213.0,2.0,2,4,3,manual,gasolina,298 HP,30112.25
84,230.0,2.0,2,4,3,manual,diesel,261 HP,159123.17
85,229.0,2.0,5,5,6,automatic,híbrido,373 HP,27914.64
86,214.0,2.0,2,4,9,automatic,híbrido,327 HP,40016.15
87,250.0,3.0,4,5,3,automatic,gasolina,435 HP,148487.3
88,228.0,2.0,5,5,7,manual,electrico,353 HP,111796.64
89,218.0,2.0,2,4,3,automatic,diesel,134 HP,86058.41
91,250.0,2.0,2,4,9,manual,híbrido,309 HP,21185.66
92,0.0,2.0,2,4,3,manual,gasolina,480 HP,48963.18
93,236.0,2.0,4,5,3,automatic,híbrido,187 HP,167414.86
94,240.0,2.0,5,5,6,manual,gasolina,161 HP,55563.31
95,250.0,3.0,4,5,3,manual,electrico,379 HP,193588.14
96,225.0,2.0,5,5,7,manual,gasolina,231 HP,72158.12
98,250.0,3.0,2,4,12,automatic,electrico,326 HP,120273.53
99,250.0,3.0,2,4,3,automatic,híbrido,239 HP,158214.88
100,250.0,3.0,4,4,3,manual,electrico,364 HP,42025.09
101,250.0,3.0,4,5,3,automatic,diesel,384 HP,58233.3
102,250.0,3.0,4,5,3,automatic,diesel,379 HP,174347.12
103,210.0,2.0,5,5,2,manual,diesel,119 HP,93527.5
104,212.0,2.0,5,5,2,manual,electrico,354 HP,134084.7
105,230.0,3.0,5,5,2,automatic,electrico,244 HP,108745.18
106,240.0,3.0,5,4,2,manual,híbrido,162 HP,37487.42
107,250.0,4.4,5,4,2,manual,gasolina,453 HP,135530.65
108,232.0,2.0,2,2,9,manual,gasolina,448 HP,110842.07
109,150.0,0.0,5,4,4,manual,gasolina,114 HP,73083.4
110,250.0,1.5,2,4,10,automatic,diesel,255 HP,151254.04
118,210.0,1.6,5,5,4,manual,diesel,287 HP,40167.25
124,226.0,1.8,4,5,3,manual,diesel,309 HP,74951.29
126,210.0,3.0,5,5,2,automatic,diesel,285 HP,94894.84
127,240.0,2.0,2,4,10,automatic,híbrido,319 HP,63592.3
128,0.0,2.0,5,5,4,manual,híbrido,209 HP,60852.46
129,250.0,5.5,4,4,3,manual,electrico,187 HP,45234.36
130,250.0,6.2,4,5,3,manual,híbrido,355 HP,172231.07
131,250.0,5.5,5,7,2,automatic,electrico,203 HP,101227.38
132,210.0,5.5,5,5,2,automatic,híbrido,472 HP,73931.26
133,250.0,5.5,5,5,2,manual,electrico,402 HP,89863.83
134,250.0,5.5,2,2,9,automatic,híbrido,365 HP,80611.23
135,317.0,6.2,2,2,10,manual,gasolina,450 HP,33589.93
136,250.0,5.5,2,2,9,automatic,diesel,377 HP,129219.3
137,0.0,5.5,4,5,3,automatic,gasolina,396 HP,140255.11
143,250.0,2.0,4,5,3,manual,gasolina,134 HP,136337.09
144,130.0,2.1,3,3,5,automatic,gasolina,425 HP,128137.37
145,180.0,2.5,5,7,1,automatic,gasolina,196 HP,154553.3
146,180.0,2.1,4,9,1,manual,híbrido,361 HP,80095.11
147,202.0,1.6,5,5,4,manual,gasolina,385 HP,31247.82
148,240.0,2.0,4,5,3,manual,híbrido,442 HP,42052.58
149,250.0,3.5,4,4,3,automatic,electrico,413 HP,79405.62
150,250.0,3.5,5,5,7,manual,gasolina,166 HP,91662.61
152,226.0,1.8,5,5,7,automatic,electrico,118 HP,166689.65
153,245.0,2.0,2,4,3,manual,gasolina,103 HP,49352.55
154,240.0,2.0,2,4,3,manual,diesel,351 HP,182377.29
156,250.0,3.0,5,7,2,automatic,diesel,124 HP,84585.81
157,210.0,5.5,5,5,2,automatic,híbrido,346 HP,108763.44
158,0.0,3.0,5,5,2,automatic,diesel,141 HP,151811.24
159,240.0,3.0,5,7,1,manual,diesel,224 HP,89110.95
160,237.0,1.8,2,2,9,automatic,gasolina,291 HP,189627.79
161,250.0,3.5,2,2,9,automatic,diesel,270 HP,39172.97
162,250.0,3.0,4,5,3,automatic,híbrido,183 HP,131662.16
163,250.0,3.5,4,5,3,automatic,gasolina,330 HP,30011.7
164,0.0,3.0,5,8,1,automatic,electrico,450 HP,37072.16
182,190.0,1.6,5,5,4,automatic,híbrido,207 HP,157067.72
187,192.0,1.4,5,5,2,manual,electrico,137 HP,41918.36
188,180.0,2.4,5,7,1,manual,híbrido,375 HP,100832.71
189,175.0,2.4,5,7,1,automatic,gasolina,139 HP,100473.62
190,205.0,1.6,4,5,3,manual,electrico,363 HP,164569.58
191,240.0,2.0,4,5,3,manual,diesel,119 HP,58837.92
192,235.0,2.0,4,5,3,manual,diesel,219 HP,198217.05
193,180.0,2.4,4,5,3,manual,electrico,308 HP,122672.31
194,177.0,1.5,4,5,3,manual,electrico,376 HP,151709.03
195,220.0,3.0,4,5,3,manual,híbrido,477 HP,20688.07
196,185.0,1.6,4,5,3,manual,híbrido,403 HP,162651.26
197,185.0,1.6,5,5,4,automatic,híbrido,458 HP,49826.68
201,210.0,2.0,5,5,2,automatic,híbrido,223 HP,182083.09
202,174.0,3.6,5,7,2,automatic,híbrido,250 HP,28923.32
209,0.0,2.4,5,7,1,manual,diesel,483 HP,44955.52
210,0.0,1.5,4,5,3,manual,híbrido,376 HP,130299.95
211,202.0,2.4,5,5,6,manual,híbrido,454 HP,143401.7
212,195.0,1.8,4,5,3,automatic,diesel,281 HP,174531.15
215,0.0,1.5,5,5,4,automatic,diesel,458 HP,109582.6
216,0.0,1.5,3,4,10,manual,electrico,427 HP,46758.37
217,0.0,1.3,5,5,4,automatic,gasolina,232 HP,112703.57
247,180.0,1.3,5,5,6,automatic,diesel,463 HP,118033.3
248,185.0,2.4,5,7,1,manual,electrico,232 HP,168315.21
249,187.0,1.8,5,5,4,automatic,gasolina,297 HP,152522.94
250,210.0,2.0,4,5,3,manual,gasolina,375 HP,163079.19
251,199.0,1.8,4,5,3,manual,electrico,261 HP,54461.41
252,182.0,2.0,5,5,2,automatic,híbrido,346 HP,105909.61
255,165.0,1.4,5,5,4,automatic,diesel,167 HP,57524.75
256,165.0,1.6,2,4,3,manual,electrico,487 HP,58208.46
257,202.0,1.6,5,5,2,manual,gasolina,382 HP,185736.59
259,195.0,1.6,5,5,4,automatic,diesel,117 HP,55708.05
260,179.0,1.6,4,5,3,manual,diesel,128 HP,135521.46
261,194.0,1.6,4,5,3,manual,híbrido,144 HP,94558.5
262,215.0,1.6,4,5,3,automatic,electrico,442 HP,24362.1
263,210.0,2.0,4,5,3,manual,electrico,486 HP,54126.4
265,195.0,1.6,5,5,11,manual,electrico,179 HP,61652.95
266,195.0,1.6,2,4,9,manual,diesel,273 HP,129537.59
267,198.0,1.6,5,5,7,manual,electrico,195 HP,101140.16
268,184.0,2.0,5,5,2,automatic,electrico,205 HP,178964.61
269,212.0,1.6,2,4,10,manual,diesel,208 HP,149038.76
293,205.0,1.6,2,4,9,automatic,diesel,225 HP,127700.33
294,151.0,1.0,5,5,4,automatic,electrico,284 HP,45688.22
295,150.0,1.0,4,5,3,manual,diesel,473 HP,88893.72
296,170.0,1.5,5,5,4,manual,gasolina,390 HP,173932.88
297,175.0,1.8,4,5,3,automatic,híbrido,193 HP,166727.27
298,170.0,1.5,4,5,3,automatic,diesel,133 HP,156612.95
299,0.0,1.5,5,5,4,automatic,gasolina,411 HP,164857.61
300,0.0,1.5,4,5,3,manual,electrico,109 HP,109486.79
301,0.0,1.5,4,5,3,manual,híbrido,169 HP,112839.81
302,170.0,1.5,4,5,3,automatic,electrico,408 HP,191483.59
303,180.0,2.0,5,7,1,manual,electrico,318 HP,180011.21
304,180.0,1.5,5,5,2,manual,diesel,112 HP,122550.2
306,140.0,0.0,5,5,1,automatic,diesel,131 HP,113118.4
307,185.0,1.5,4,5,3,automatic,electrico,168 HP,120702.98
308,0.0,1.5,4,5,3,manual,gasolina,380 HP,87799.43
309,0.0,1.5,4,5,3,manual,electrico,423 HP,30283.28
314,0.0,1.5,4,5,3,automatic,híbrido,193 HP,140566.03
315,262.0,2.7,2,2,12,manual,diesel,376 HP,30270.25
316,223.0,2.0,5,5,2,automatic,diesel,452 HP,104152.13
317,262.0,3.0,5,4,10,manual,híbrido,300 HP,112013.76
318,270.0,3.0,5,4,10,automatic,electrico,228 HP,144683.3
319,283.0,3.4,2,4,10,manual,híbrido,229 HP,145409.44
320,345.0,4.6,2,2,9,automatic,diesel,488 HP,69318.13
321,239.0,3.0,5,5,2,automatic,gasolina,187 HP,134768.99
322,242.0,3.0,5,5,2,manual,diesel,225 HP,64107.71
326,264.0,2.7,2,2,10,automatic,híbrido,181 HP,178447.15
327,150.0,2.4,2,4,2,automatic,híbrido,337 HP,102771.32
328,160.0,1.3,4,5,3,manual,electrico,188 HP,54624.69
342,170.0,1.3,5,5,4,automatic,electrico,404 HP,73984.11
343,182.0,1.5,5,5,4,manual,gasolina,403 HP,124962.9
344,175.0,1.5,4,5,3,automatic,gasolina,169 HP,155798.65
345,150.0,1.5,5,7,1,automatic,diesel,213 HP,41123.29
346,140.0,1.0,5,5,4,manual,gasolina,377 HP,45684.27
347,182.0,1.5,5,5,4,automatic,electrico,117 HP,86374.54
348,160.0,1.5,5,5,2,automatic,electrico,396 HP,168729.75
349,160.0,1.5,5,7,2,manual,híbrido,348 HP,110444.33
350,120.0,1.0,5,7,5,automatic,gasolina,362 HP,91986.82
351,0.0,1.2,5,9,5,automatic,híbrido,110 HP,186369.6
352,150.0,1.5,5,7,5,manual,híbrido,343 HP,154731.79
353,130.0,1.2,5,2,5,automatic,gasolina,106 HP,23724.73
354,120.0,0.0,5,5,4,manual,híbrido,157 HP,121688.49
355,115.0,2.0,4,5,2,manual,híbrido,240 HP,182413.98
356,150.0,2.4,5,7,2,manual,diesel,308 HP,181974.29
357,110.0,2.8,4,5,8,manual,híbrido,320 HP,154589.86
358,150.0,2.0,5,5,2,manual,gasolina,359 HP,125317.48
359,145.0,2.2,4,5,8,automatic,diesel,374 HP,133976.24
360,150.0,2.7,3,5,2,automatic,electrico,315 HP,184935.53
361,150.0,2.0,5,5,2,manual,electrico,216 HP,134198.71
362,125.0,2.8,4,5,8,automatic,híbrido,236 HP,168277.67
363,115.0,2.0,3,4,2,manual,gasolina,184 HP,183978.34
364,190.0,1.6,4,5,3,automatic,gasolina,337 HP,99930.94
365,215.0,1.8,4,5,3,automatic,gasolina,413 HP,113043.54
366,198.0,1.8,5,5,2,automatic,gasolina,373 HP,77380.82
367,215.0,1.8,4,5,3,automatic,gasolina,385 HP,84625.41
368,295.0,4.0,4,5,3,manual,gasolina,253 HP,94206.55
369,303.0,4.0,2,4,10,automatic,híbrido,457 HP,180719.68
374,296.0,6.8,4,5,3,automatic,electrico,279 HP,87602.92
375,407.0,8.0,2,2,10,manual,gasolina,332 HP,175205.13
377,0.0,1.5,5,5,11,automatic,diesel,301 HP,187639.29
378,185.0,1.5,4,5,3,automatic,diesel,372 HP,161690.29
379,160.0,1.3,5,5,4,manual,gasolina,295 HP,143788.88
380,158.0,1.5,5,5,2,manual,gasolina,375 HP,125045.29
381,171.0,1.5,5,5,2,automatic,electrico,305 HP,199213.09
382,170.0,1.5,5,7,1,automatic,diesel,402 HP,75289.29
383,0.0,2.2,4,5,8,manual,híbrido,254 HP,65956.45
384,140.0,2.0,4,5,8,manual,diesel,356 HP,86526.49
385,140.0,2.0,4,5,8,manual,gasolina,372 HP,130798.87
386,130.0,2.2,4,0,8,manual,gasolina,225 HP,82010.67
388,160.0,1.5,5,5,4,automatic,diesel,445 HP,160208.72
389,165.0,1.3,5,5,4,automatic,híbrido,250 HP,36554.55
391,162.0,1.3,5,5,4,manual,diesel,219 HP,135343.57
392,160.0,1.3,5,5,11,manual,gasolina,143 HP,118691.92
396,0.0,1.5,4,5,3,manual,híbrido,143 HP,141874.51
397,175.0,1.4,5,5,4,manual,electrico,277 HP,67300.04
398,158.0,1.0,5,5,4,manual,híbrido,288 HP,56452.05
399,180.0,1.6,5,5,2,automatic,electrico,109 HP,39856.52
400,0.0,1.8,5,5,2,automatic,diesel,107 HP,82580.12
401,175.0,1.4,5,5,4,automatic,diesel,468 HP,130969.08
402,170.0,1.6,5,5,4,automatic,gasolina,459 HP,178112.05
403,170.0,1.6,4,5,3,automatic,gasolina,233 HP,35508.21
405,185.0,1.5,4,5,3,manual,híbrido,166 HP,162157.28
406,175.0,1.3,4,5,3,manual,híbrido,347 HP,131292.89
407,190.0,1.5,4,5,3,automatic,electrico,459 HP,131803.54
409,170.0,1.5,5,5,4,automatic,híbrido,499 HP,101076.39
410,170.0,1.5,4,5,3,automatic,híbrido,200 HP,29799.01
411,185.0,1.5,5,5,4,manual,gasolina,283 HP,123257.15
412,210.0,1.8,4,5,3,automatic,diesel,190 HP,171277.14
413,175.0,1.6,4,5,3,automatic,híbrido,270 HP,100511.64
419,145.0,1.3,5,5,4,automatic,electrico,155 HP,155996.76
420,140.0,1.3,5,5,5,manual,electrico,345 HP,104635.8
421,94.0,0.8,2,2,0,manual,híbrido,185 HP,133769.03
423,110.0,1.0,4,5,0,manual,electrico,172 HP,86155.68
424,100.0,1.0,5,5,5,manual,híbrido,297 HP,109505.52
425,0.0,1.4,5,8,5,manual,híbrido,489 HP,82545.08
426,120.0,1.0,5,5,5,manual,diesel,158 HP,195672.98
427,0.0,1.2,5,5,4,manual,híbrido,302 HP,134632.42
430,90.0,1.0,2,2,0,automatic,diesel,233 HP,60391.09
431,120.0,1.0,5,5,4,manual,diesel,290 HP,163090.26
432,0.0,1.2,5,8,5,manual,híbrido,455 HP,83907.59
433,120.0,1.0,5,7,5,automatic,electrico,465 HP,194114.92
434,185.0,1.6,5,5,11,automatic,electrico,414 HP,177548.5
435,182.0,1.4,5,5,4,manual,híbrido,380 HP,133099.33
436,178.0,1.4,4,5,3,manual,diesel,359 HP,167612.71
438,200.0,1.4,5,5,11,manual,gasolina,354 HP,77135.28
439,200.0,1.4,5,5,4,automatic,electrico,226 HP,140062.92
440,205.0,1.4,4,5,3,manual,electrico,250 HP,119777.7
441,200.0,1.4,4,5,3,automatic,híbrido,220 HP,106834.32
442,210.0,1.8,4,5,3,manual,diesel,341 HP,78133.87
443,181.0,1.4,4,5,3,manual,híbrido,450 HP,173078.73
444,181.0,1.6,4,5,3,manual,electrico,295 HP,97811.06
445,190.0,1.4,5,5,1,manual,electrico,477 HP,79511.14
446,185.0,1.4,5,5,2,manual,híbrido,126 HP,92892.25
450,200.0,1.4,5,5,4,manual,electrico,100 HP,142797.59
451,207.0,1.4,5,5,11,manual,híbrido,401 HP,39274.98
453,236.0,2.0,2,4,9,manual,electrico,210 HP,117856.34
454,250.0,3.6,5,5,10,manual,híbrido,320 HP,109765.22
455,235.0,2.0,2,4,12,automatic,híbrido,472 HP,186140.41
456,250.0,2.0,5,5,4,manual,gasolina,222 HP,57882.67
457,250.0,2.0,2,4,12,automatic,diesel,274 HP,62433.79
458,216.0,1.4,2,4,12,automatic,diesel,158 HP,25182.93
459,218.0,1.4,5,5,7,automatic,híbrido,268 HP,77313.55
460,240.0,3.0,4,5,3,automatic,híbrido,464 HP,136181.91
461,180.0,1.2,3,4,6,manual,gasolina,166 HP,28312.17
462,200.0,2.0,4,9,1,automatic,híbrido,131 HP,133539.34
463,200.0,2.0,5,7,1,manual,electrico,155 HP,126070.73
464,233.0,2.0,5,5,7,automatic,híbrido,249 HP,97281.49
465,200.0,1.4,3,4,4,manual,híbrido,265 HP,111956.71
466,250.0,2.0,3,4,10,manual,gasolina,408 HP,199544.53
467,230.0,3.0,5,5,2,automatic,híbrido,236 HP,172736.41
468,240.0,3.0,5,5,2,automatic,híbrido,497 HP,100244.59
469,203.0,1.8,5,7,1,automatic,híbrido,234 HP,159703.51
473,227.0,2.0,5,5,7,automatic,gasolina,337 HP,62833.12
491,197.0,2.0,5,5,2,automatic,electrico,384 HP,80771.39
500,200.0,1.4,4,5,3,manual,diesel,194 HP,85704.6
501,204.0,1.4,5,5,4,manual,diesel,307 HP,42923.56
502,235.0,2.0,5,5,4,automatic,diesel,139 HP,189208.47
503,181.0,1.4,4,5,3,automatic,gasolina,407 HP,144584.0
504,200.0,1.4,4,5,3,manual,híbrido,352 HP,35238.98
505,200.0,1.4,4,5,3,manual,híbrido,463 HP,54143.89
506,235.0,2.0,4,5,3,automatic,gasolina,299 HP,110802.29
508,250.0,3.6,4,4,3,manual,diesel,177 HP,37355.18
509,202.0,1.6,5,5,4,manual,electrico,255 HP,193768.6
510,195.0,1.6,5,5,2,automatic,gasolina,382 HP,20122.16
511,205.0,1.6,4,5,3,automatic,gasolina,183 HP,49930.43
512,190.0,1.6,3,5,12,manual,híbrido,268 HP,134533.73
516,212.0,1.6,5,5,4,manual,diesel,491 HP,64567.21
517,200.0,5.7,4,5,8,manual,gasolina,434 HP,68226.49
518,0.0,2.4,5,7,2,manual,diesel,162 HP,51249.5
519,160.0,2.0,5,7,4,manual,híbrido,157 HP,110838.36
533,0.0,1.5,4,5,3,automatic,híbrido,175 HP,90686.97
534,0.0,1.5,5,5,4,automatic,gasolina,117 HP,118832.2
536,0.0,1.3,5,4,5,automatic,diesel,196 HP,118154.65
543,0.0,1.5,4,5,3,manual,gasolina,401 HP,180239.77
547,150.0,2.5,5,12,5,automatic,híbrido,143 HP,199983.69
548,170.0,2.0,5,7,1,manual,híbrido,157 HP,138535.27
549,165.0,1.5,4,5,3,manual,gasolina,389 HP,139258.52
551,0.0,1.5,5,5,2,manual,electrico,359 HP,122966.8
552,160.0,1.6,5,5,2,manual,diesel,404 HP,35275.16
553,145.0,1.5,4,5,1,automatic,híbrido,397 HP,146582.54
554,170.0,1.5,5,5,4,automatic,diesel,282 HP,172694.46
555,188.0,1.5,4,5,3,manual,gasolina,371 HP,27254.72
557,185.0,1.5,5,5,4,automatic,gasolina,133 HP,151515.02
558,183.0,1.6,5,5,4,automatic,gasolina,244 HP,156569.44
559,188.0,1.5,4,5,3,automatic,híbrido,251 HP,159019.79
563,186.0,1.5,4,5,3,automatic,diesel,260 HP,174890.3
565,140.0,2.2,4,5,8,manual,diesel,440 HP,148765.31
566,160.0,2.4,5,5,8,manual,diesel,244 HP,91441.57
567,170.0,1.5,5,5,1,manual,electrico,378 HP,151714.55
568,175.0,2.0,5,7,1,manual,gasolina,340 HP,41540.93
569,0.0,1.3,5,7,5,automatic,diesel,306 HP,43031.67
571,120.0,1.2,4,0,5,manual,híbrido,428 HP,138859.58
573,125.0,1.2,5,0,5,automatic,híbrido,463 HP,79627.97
574,115.0,1.0,5,5,5,manual,híbrido,129 HP,110014.96
576,105.0,1.0,5,5,5,automatic,híbrido,309 HP,183172.56
577,110.0,1.0,2,2,0,manual,gasolina,367 HP,58703.25
578,110.0,1.0,5,5,5,automatic,diesel,418 HP,42696.57
579,0.0,1.2,5,7,5,manual,diesel,219 HP,32910.12
580,145.0,1.2,5,8,1,manual,gasolina,347 HP,53397.6
586,185.0,1.5,4,5,3,manual,diesel,374 HP,149864.6
587,195.0,1.8,5,5,4,automatic,gasolina,362 HP,124123.63
588,180.0,1.8,4,5,3,manual,híbrido,470 HP,25689.61
589,186.0,2.3,5,5,1,automatic,diesel,194 HP,136588.17
590,195.0,1.6,5,5,4,automatic,gasolina,370 HP,115762.37
591,195.0,1.6,4,5,3,automatic,electrico,412 HP,54858.18
594,0.0,3.0,5,5,4,automatic,diesel,108 HP,39843.15
595,200.0,2.3,4,5,3,automatic,electrico,477 HP,37558.82
596,200.0,1.5,4,5,3,automatic,diesel,498 HP,43060.49
597,195.0,1.0,5,5,4,automatic,híbrido,106 HP,45213.2
599,170.0,2.4,0,6,5,automatic,híbrido,230 HP,63789.85
600,248.0,2.0,5,5,4,automatic,gasolina,270 HP,148769.69
601,0.0,5.4,2,5,8,manual,gasolina,452 HP,96878.68
602,0.0,6.7,4,5,8,automatic,electrico,395 HP,122263.93
603,0.0,6.7,4,5,8,manual,gasolina,281 HP,99881.04
604,0.0,6.7,4,5,8,automatic,gasolina,181 HP,65072.15
605,220.0,1.6,3,5,4,automatic,gasolina,479 HP,77668.97
606,0.0,2.0,5,5,2,automatic,electrico,317 HP,94501.81
607,0.0,3.5,5,7,2,manual,diesel,165 HP,94121.78
608,260.0,3.7,2,4,10,automatic,híbrido,110 HP,157926.48
641,196.0,1.4,4,5,3,automatic,gasolina,132 HP,80467.44
642,196.0,1.4,5,5,4,manual,electrico,108 HP,92765.58
645,197.0,1.4,5,5,4,manual,diesel,428 HP,174241.39
646,182.0,1.4,2,4,12,automatic,electrico,411 HP,113328.33
647,0.0,2.4,5,7,2,manual,híbrido,455 HP,56225.72
661,182.0,1.4,3,4,4,automatic,híbrido,343 HP,138655.42
662,316.0,3.9,2,4,9,manual,híbrido,366 HP,90541.59
663,325.0,4.5,2,2,10,manual,híbrido,123 HP,168572.14
664,330.0,6.0,2,2,10,automatic,electrico,368 HP,63517.78
667,335.0,6.3,2,4,10,automatic,diesel,408 HP,45452.02
670,340.0,6.3,3,2,10,automatic,híbrido,299 HP,171039.44
671,130.0,1.2,5,5,5,manual,diesel,401 HP,36284.72
672,175.0,1.6,4,5,3,automatic,electrico,179 HP,22621.5
673,0.0,1.6,4,5,3,manual,gasolina,228 HP,179329.02
674,185.0,1.8,5,5,2,manual,híbrido,194 HP,147163.54
680,190.0,1.6,4,5,3,manual,diesel,405 HP,142167.37
681,0.0,6.0,5,12,1,automatic,electrico,335 HP,182009.59
688,140.0,2.0,5,5,2,automatic,híbrido,227 HP,109083.16
689,0.0,2.0,5,5,2,automatic,híbrido,224 HP,61621.79
690,0.0,1.5,5,5,2,manual,híbrido,114 HP,186389.21
691,0.0,2.0,5,5,2,manual,híbrido,406 HP,126636.62
693,0.0,2.4,5,7,2,automatic,gasolina,308 HP,48238.2
699,0.0,1.5,5,5,2,manual,híbrido,426 HP,33717.65
707,140.0,1.0,5,5,4,manual,híbrido,292 HP,143415.98
708,138.0,1.0,5,7,5,manual,diesel,146 HP,70992.0
709,125.0,1.3,5,8,5,automatic,híbrido,249 HP,40143.31
710,110.0,1.0,5,5,5,manual,híbrido,109 HP,24490.13
711,120.0,1.0,5,5,5,manual,diesel,211 HP,160209.57
712,165.0,1.5,5,5,4,manual,diesel,482 HP,59008.11
714,150.0,1.3,5,8,5,manual,híbrido,446 HP,152691.33
716,140.0,1.0,5,5,4,automatic,híbrido,289 HP,21132.18
717,140.0,2.0,5,5,2,automatic,diesel,183 HP,114524.68
718,130.0,2.0,4,5,8,automatic,diesel,355 HP,49230.67
719,0.0,2.4,4,5,8,automatic,electrico,270 HP,162287.44
720,0.0,2.0,5,7,2,automatic,gasolina,270 HP,51880.46
721,0.0,2.0,5,5,2,automatic,diesel,209 HP,118406.42
722,0.0,1.9,5,5,4,automatic,híbrido,362 HP,164900.97
723,145.0,2.8,5,3,1,automatic,electrico,354 HP,197298.42
724,0.0,2.2,4,5,8,manual,electrico,494 HP,55459.49
725,130.0,2.2,4,5,8,manual,híbrido,122 HP,58171.88
726,140.0,2.2,4,5,8,automatic,electrico,146 HP,129978.44
727,120.0,2.2,4,5,8,automatic,híbrido,385 HP,45551.27
728,120.0,2.2,4,5,8,automatic,híbrido,199 HP,126553.99
729,100.0,2.4,4,15,5,manual,gasolina,313 HP,113072.35
731,130.0,2.4,4,5,8,manual,electrico,474 HP,44933.4
732,130.0,2.2,4,5,8,manual,diesel,326 HP,64782.47
733,140.0,2.8,4,6,5,automatic,gasolina,460 HP,51026.88
734,0.0,6.4,5,5,2,automatic,gasolina,114 HP,37552.08
735,180.0,2.8,4,5,2,manual,electrico,146 HP,90430.87
736,180.0,2.0,5,5,2,automatic,diesel,185 HP,70142.99
737,0.0,2.4,5,5,2,automatic,gasolina,106 HP,140186.37
738,180.0,2.0,5,5,2,automatic,híbrido,316 HP,30080.58
745,0.0,3.0,5,5,2,manual,diesel,129 HP,193753.4
746,260.0,3.0,2,2,10,manual,diesel,372 HP,67045.91
747,241.0,2.0,4,5,3,manual,electrico,339 HP,40400.08
756,209.0,2.0,4,5,3,manual,diesel,406 HP,71839.7
760,140.0,2.4,4,9,5,automatic,electrico,109 HP,181650.35
761,130.0,2.5,4,10,5,manual,electrico,222 HP,79039.1
762,140.0,2.4,4,8,5,automatic,gasolina,162 HP,133061.45
763,200.0,2.0,4,5,3,manual,diesel,329 HP,198806.51
765,215.0,2.0,4,5,3,manual,gasolina,298 HP,22673.71
766,215.0,2.0,4,5,3,automatic,electrico,266 HP,111524.91
767,220.0,2.0,4,5,3,automatic,diesel,498 HP,163887.52
770,210.0,3.0,5,5,2,automatic,electrico,372 HP,195689.02
771,0.0,6.2,5,7,2,manual,electrico,392 HP,159430.25
772,210.0,6.0,5,7,2,automatic,electrico,447 HP,30334.05
780,420.0,5.0,2,2,10,automatic,electrico,282 HP,163885.28
784,400.0,4.7,2,2,10,manual,híbrido,177 HP,168225.4
785,190.0,2.0,5,7,1,manual,gasolina,272 HP,86449.29
786,191.0,2.0,4,5,3,automatic,híbrido,500 HP,96380.5
787,174.0,2.0,5,5,2,manual,electrico,436 HP,173303.42
788,220.0,2.0,5,5,6,manual,diesel,228 HP,158366.58
789,220.0,2.0,3,4,10,manual,gasolina,468 HP,31068.67
790,190.0,2.0,2,4,9,manual,electrico,182 HP,170895.94
791,205.0,2.5,4,5,3,manual,electrico,500 HP,57460.63
792,181.0,2.0,4,5,3,manual,electrico,402 HP,152373.4
793,180.0,5.0,3,4,0,manual,híbrido,253 HP,175886.97
807,190.0,2.0,5,5,1,manual,diesel,208 HP,176475.16
808,170.0,1.6,5,7,1,automatic,electrico,390 HP,171894.59
811,160.0,2.0,5,5,2,manual,gasolina,125 HP,166619.15
814,170.0,2.0,5,5,2,manual,diesel,485 HP,192194.47
816,0.0,3.5,4,5,3,automatic,gasolina,261 HP,35001.96
817,0.0,3.5,5,6,2,automatic,electrico,120 HP,34973.09
818,0.0,3.5,5,5,2,manual,electrico,145 HP,93563.22
819,0.0,3.5,4,5,3,manual,gasolina,421 HP,172160.18
820,0.0,5.4,5,7,2,automatic,híbrido,291 HP,122048.97
827,195.0,1.2,3,4,4,automatic,electrico,470 HP,80422.55
828,179.0,1.6,3,4,4,automatic,híbrido,403 HP,26941.2
829,168.0,1.6,5,5,2,automatic,híbrido,453 HP,63916.83
830,198.0,1.6,3,2,10,manual,electrico,411 HP,58846.89
831,184.0,1.6,3,4,2,manual,híbrido,400 HP,39120.26
832,192.0,1.6,2,2,12,automatic,híbrido,142 HP,151857.13
839,191.0,1.6,2,4,12,manual,gasolina,157 HP,27508.46
840,236.0,1.6,3,4,4,manual,gasolina,155 HP,90898.6
841,223.0,1.6,5,5,2,automatic,híbrido,329 HP,87569.98
842,238.0,1.6,3,4,4,manual,electrico,335 HP,133232.49
843,224.0,1.6,5,5,2,manual,híbrido,437 HP,147378.18
850,0.0,1.5,5,5,4,automatic,diesel,159 HP,32368.83
851,0.0,1.5,4,5,3,manual,electrico,187 HP,103514.44
853,0.0,2.0,5,5,2,manual,diesel,481 HP,42590.64
854,190.0,2.0,4,5,3,manual,gasolina,154 HP,78235.36
855,180.0,1.6,4,5,3,automatic,gasolina,228 HP,186644.04
856,180.0,1.6,4,5,3,manual,diesel,311 HP,57071.31
857,175.0,1.5,4,5,3,automatic,híbrido,230 HP,127236.86
859,174.0,1.6,5,5,2,manual,híbrido,392 HP,118320.7
860,184.0,1.6,5,5,4,manual,electrico,323 HP,159558.26
861,175.0,1.6,5,5,4,automatic,gasolina,281 HP,124281.31
864,180.0,1.5,5,5,4,manual,híbrido,100 HP,110164.83
865,160.0,2.4,5,5,2,automatic,diesel,245 HP,116815.36
866,0.0,2.4,4,5,8,manual,híbrido,223 HP,65958.69
867,160.0,2.4,5,5,8,manual,electrico,415 HP,84070.79
868,168.0,1.6,5,7,1,manual,diesel,438 HP,198484.83
870,0.0,4.5,2,21,5,manual,híbrido,216 HP,54132.07
871,0.0,3.7,2,2,10,manual,híbrido,285 HP,52939.33
872,315.0,3.8,2,4,10,manual,electrico,387 HP,172288.42
873,0.0,1.6,5,5,4,manual,gasolina,496 HP,50096.48
874,210.0,5.6,5,7,2,automatic,electrico,275 HP,133433.57
905,0.0,3.5,5,7,1,automatic,electrico,199 HP,109343.57
910,175.0,1.4,5,5,4,automatic,electrico,270 HP,152443.57
911,208.0,1.4,5,5,6,manual,gasolina,333 HP,87902.01
912,235.0,2.0,5,5,6,automatic,diesel,250 HP,190835.74
913,200.0,1.4,5,5,6,manual,diesel,231 HP,150952.79
914,190.0,1.4,5,5,2,automatic,diesel,486 HP,138698.83
915,200.0,1.4,4,5,3,manual,diesel,379 HP,152498.2
916,200.0,1.4,5,5,4,automatic,electrico,103 HP,161694.4
917,181.0,1.4,4,5,3,automatic,gasolina,274 HP,152706.3
918,180.0,1.6,5,5,4,manual,híbrido,218 HP,164559.09
919,192.0,1.8,5,5,2,manual,electrico,145 HP,45268.16
932,234.0,2.0,5,5,7,manual,diesel,295 HP,119156.38
933,0.0,2.0,5,5,2,manual,híbrido,191 HP,190949.84
934,0.0,2.0,5,5,2,automatic,gasolina,123 HP,61210.2
935,175.0,2.0,5,5,2,manual,diesel,298 HP,50833.43
936,181.0,2.0,5,7,1,automatic,gasolina,100 HP,115812.99
937,166.0,2.0,5,5,2,manual,gasolina,234 HP,176886.24
938,195.0,2.8,4,5,3,manual,gasolina,242 HP,29505.85
944,0.0,2.0,5,5,2,automatic,electrico,234 HP,110687.92
948,193.0,0.0,4,5,3,manual,gasolina,406 HP,38156.17
952,0.0,1.8,5,7,1,automatic,gasolina,193 HP,156185.69
953,170.0,2.0,5,5,2,manual,electrico,466 HP,25182.94
955,185.0,1.6,5,5,4,automatic,diesel,489 HP,50658.35
956,190.0,2.0,5,5,2,automatic,electrico,214 HP,88913.57
957,195.0,1.6,4,5,3,automatic,gasolina,421 HP,25242.26
958,204.0,2.0,4,5,3,manual,electrico,358 HP,91797.78
959,195.0,1.8,4,5,3,automatic,electrico,411 HP,52021.41
960,183.0,1.8,4,5,3,automatic,híbrido,242 HP,47580.51
961,0.0,2.2,5,7,2,automatic,electrico,432 HP,106967.9
962,180.0,1.4,4,5,3,manual,híbrido,265 HP,72218.75
963,175.0,1.4,5,5,4,automatic,electrico,358 HP,98905.53
964,196.0,2.0,4,5,3,automatic,diesel,281 HP,98236.9
965,0.0,2.0,5,5,2,manual,electrico,271 HP,90555.54
968,187.0,1.6,4,5,3,manual,electrico,145 HP,37765.68
972,190.0,2.0,5,5,3,automatic,híbrido,484 HP,158566.31
973,0.0,2.2,5,6,2,manual,híbrido,195 HP,50536.0
974,0.0,2.4,5,9,1,automatic,electrico,432 HP,122799.49
975,0.0,3.0,4,5,3,manual,electrico,229 HP,58490.33
976,236.0,3.0,4,5,3,automatic,diesel,237 HP,22144.99
977,0.0,2.0,2,4,10,automatic,diesel,485 HP,50547.42
979,190.0,3.8,5,7,2,manual,diesel,319 HP,76563.76
980,240.0,3.8,4,5,3,manual,diesel,453 HP,78577.89
981,0.0,2.4,4,5,3,automatic,electrico,210 HP,76108.14
1004,195.0,1.6,4,4,4,automatic,electrico,119 HP,54294.55
1005,0.0,1.6,5,5,2,automatic,híbrido,152 HP,197935.02
1006,245.0,2.0,4,5,3,automatic,electrico,455 HP,133834.94
1007,250.0,3.5,4,5,3,automatic,electrico,408 HP,51312.86
1008,0.0,3.7,2,4,9,automatic,diesel,239 HP,32379.58
1009,0.0,3.7,2,4,10,automatic,electrico,366 HP,176519.88
1010,240.0,2.5,4,5,3,automatic,diesel,484 HP,78055.9
1011,0.0,3.5,4,5,3,automatic,diesel,173 HP,119470.98
1012,215.0,2.5,5,5,2,manual,diesel,271 HP,59240.43
1013,0.0,3.5,5,7,2,manual,diesel,480 HP,44363.17
1014,0.0,2.5,5,7,2,manual,gasolina,304 HP,113535.64
1015,220.0,3.7,5,5,2,manual,diesel,158 HP,112803.81
1016,240.0,5.6,5,7,2,automatic,gasolina,386 HP,122923.09
1023,249.0,2.5,4,5,3,automatic,híbrido,194 HP,139010.55
1025,120.0,0.8,5,4,4,automatic,electrico,176 HP,142848.62
1027,140.0,1.3,5,5,2,automatic,electrico,157 HP,84475.65
1028,160.0,1.6,5,5,1,automatic,gasolina,258 HP,123806.57
1029,0.0,1.3,5,5,2,automatic,gasolina,223 HP,71828.43
1030,180.0,1.5,5,5,2,manual,diesel,350 HP,60672.42
1031,0.0,1.2,5,8,5,manual,híbrido,419 HP,24158.6
1032,150.0,1.0,5,5,4,automatic,diesel,482 HP,20851.82
1033,150.0,1.3,4,5,3,automatic,diesel,473 HP,59034.15
1034,160.0,1.3,5,5,4,manual,electrico,458 HP,69312.06
1035,172.0,1.5,4,5,3,manual,gasolina,412 HP,96114.46
1038,80.0,0.0,3,2,4,manual,híbrido,193 HP,189320.74
1051,259.0,6.0,2,4,10,automatic,diesel,360 HP,24006.5
1052,306.0,6.0,4,4,10,automatic,híbrido,107 HP,56745.8
1053,330.0,6.0,2,2,9,automatic,híbrido,223 HP,58322.02
1054,305.0,4.7,2,2,10,manual,híbrido,248 HP,40047.35
1055,295.0,6.0,2,2,10,automatic,híbrido,151 HP,94784.38
1056,299.0,6.0,2,4,10,automatic,diesel,101 HP,79640.06
1057,305.0,6.0,2,2,10,manual,gasolina,139 HP,189522.15
1063,302.0,6.0,2,4,10,automatic,diesel,266 HP,50646.5
1065,178.0,1.5,4,5,3,manual,diesel,211 HP,185517.0
1066,166.0,1.3,5,5,4,automatic,electrico,325 HP,46552.22
1067,166.0,1.3,5,5,11,manual,híbrido,455 HP,37019.5
1068,180.0,1.5,4,5,3,manual,diesel,170 HP,29839.27
1069,170.0,1.3,5,5,4,manual,híbrido,199 HP,54429.14
1070,156.0,1.0,4,5,3,manual,electrico,447 HP,134637.51
1071,166.0,1.3,5,5,4,automatic,electrico,438 HP,65526.15
1072,145.0,1.0,5,5,4,manual,híbrido,230 HP,154005.01
1073,0.0,1.0,4,5,3,manual,diesel,406 HP,192126.09
1081,0.0,2.2,4,5,8,automatic,gasolina,195 HP,121030.37
1082,100.0,1.0,4,5,0,manual,gasolina,173 HP,138200.23
1083,105.0,1.0,2,2,0,manual,gasolina,158 HP,120787.6
1084,100.0,1.0,5,5,5,automatic,diesel,291 HP,86700.91
1086,105.0,1.0,5,5,5,automatic,gasolina,159 HP,186296.82
1087,140.0,1.3,6,5,5,manual,diesel,137 HP,135035.16
1088,0.0,1.3,5,5,1,automatic,híbrido,390 HP,93655.17
1089,170.0,1.5,5,5,2,automatic,diesel,413 HP,86725.16
1090,100.0,1.0,2,2,0,automatic,híbrido,500 HP,172947.69
1119,200.0,3.8,5,6,1,manual,híbrido,223 HP,108638.29
1131,240.0,3.0,4,5,3,automatic,diesel,111 HP,146667.63
1132,208.0,3.6,5,7,1,manual,diesel,278 HP,158334.91
1134,195.0,3.0,5,5,2,automatic,electrico,469 HP,98525.0
1135,210.0,3.0,5,5,2,manual,gasolina,226 HP,82687.22
1137,217.0,2.0,5,5,2,automatic,electrico,127 HP,184017.97
1138,210.0,3.0,5,5,2,manual,electrico,122 HP,47433.08
1140,0.0,2.0,5,5,2,manual,diesel,201 HP,150813.02
1145,165.0,1.5,5,5,2,automatic,diesel,264 HP,97618.17
1148,140.0,2.4,5,5,2,automatic,híbrido,233 HP,118564.98
1149,160.0,2.0,5,5,4,manual,electrico,291 HP,154244.53
1151,140.0,2.4,5,7,2,manual,diesel,210 HP,176347.23
1154,155.0,2.0,5,5,2,manual,gasolina,304 HP,155792.1
1155,350.0,6.5,2,2,9,automatic,gasolina,187 HP,164151.71
1159,325.0,5.2,2,2,10,automatic,diesel,126 HP,107231.86
1165,325.0,5.2,2,2,10,manual,electrico,333 HP,167079.95
1168,263.0,3.0,4,5,3,manual,electrico,340 HP,80194.9
1169,263.0,3.0,4,5,3,manual,diesel,161 HP,128460.78
1174,285.0,4.2,2,4,10,automatic,diesel,156 HP,83290.33
1175,0.0,2.2,5,4,1,automatic,híbrido,433 HP,25955.77
1176,0.0,2.2,5,5,2,manual,gasolina,354 HP,76359.1
1177,0.0,1.8,4,5,3,automatic,electrico,261 HP,61940.6
1178,0.0,1.8,5,5,2,automatic,electrico,415 HP,184882.75
1179,0.0,2.0,5,7,1,manual,gasolina,299 HP,57228.23
1180,189.0,1.6,4,5,3,manual,electrico,305 HP,182586.61
1181,180.0,1.4,4,5,3,automatic,gasolina,463 HP,28070.59
1182,190.0,1.6,4,5,3,manual,electrico,207 HP,26710.77
1183,190.0,1.6,5,5,4,automatic,diesel,244 HP,170236.32
1184,210.0,1.6,4,5,3,automatic,híbrido,200 HP,171196.25
1185,200.0,2.0,4,5,3,automatic,electrico,429 HP,57977.11
1186,167.0,1.4,4,5,3,automatic,híbrido,481 HP,127254.15
1187,186.0,1.6,4,5,3,automatic,híbrido,330 HP,60903.71
1188,171.0,2.0,5,5,2,manual,gasolina,108 HP,168959.91
1189,170.0,1.6,5,5,4,automatic,diesel,276 HP,165951.73
1190,190.0,2.0,5,5,2,manual,diesel,322 HP,57497.04
1194,175.0,1.4,5,5,4,manual,diesel,486 HP,150434.46
1195,190.0,3.8,5,7,2,manual,electrico,218 HP,34589.95
1196,0.0,2.0,4,5,3,manual,gasolina,440 HP,174516.28
1197,0.0,2.7,5,7,1,automatic,diesel,336 HP,45082.66
1198,0.0,2.2,5,7,1,automatic,electrico,355 HP,193068.29
1199,210.0,1.6,2,5,10,automatic,gasolina,497 HP,197745.78
1200,190.0,2.2,5,5,2,automatic,electrico,351 HP,176863.53
1201,0.0,2.0,5,5,1,automatic,híbrido,118 HP,97908.21
1221,210.0,2.4,4,5,3,automatic,diesel,102 HP,27125.42
1222,180.0,1.5,4,5,3,manual,gasolina,171 HP,83793.58
1223,200.0,1.5,4,5,3,manual,híbrido,146 HP,94987.05
1224,215.0,1.8,4,5,3,manual,gasolina,380 HP,124759.8
1225,0.0,1.8,4,5,3,manual,diesel,108 HP,61506.44
1226,0.0,2.0,4,5,3,automatic,híbrido,459 HP,37900.51
1227,130.0,0.0,3,4,4,manual,híbrido,203 HP,190562.13
1228,0.0,1.8,5,5,2,manual,híbrido,119 HP,130431.5
1229,188.0,1.8,4,5,3,automatic,gasolina,141 HP,42124.0
1230,0.0,2.5,5,5,2,manual,híbrido,226 HP,169509.61
1231,0.0,2.5,4,5,3,automatic,híbrido,334 HP,174046.88
1232,200.0,2.0,5,5,4,manual,diesel,336 HP,25495.03
1233,0.0,2.0,5,5,2,manual,electrico,289 HP,186147.47
1234,226.0,2.0,2,4,10,automatic,diesel,435 HP,107493.14
1235,0.0,2.0,5,5,2,manual,gasolina,280 HP,26715.45
1236,191.0,2.0,5,5,4,manual,diesel,313 HP,135491.16
1237,255.0,2.5,4,5,3,manual,electrico,181 HP,123969.79
1243,207.0,3.6,5,7,2,manual,electrico,437 HP,183491.96
1244,0.0,1.8,4,5,3,manual,híbrido,435 HP,42792.31
1245,190.0,2.0,5,7,1,automatic,electrico,482 HP,45149.12
1246,160.0,2.5,5,15,5,automatic,gasolina,471 HP,106247.15
1247,150.0,0.0,4,5,3,automatic,gasolina,339 HP,157445.46
1251,185.0,1.6,4,5,3,automatic,gasolina,274 HP,122872.97
1252,205.0,2.0,4,5,3,manual,híbrido,351 HP,37525.54
1253,193.0,1.6,4,5,3,manual,electrico,369 HP,190341.9
1254,187.0,1.6,5,5,11,manual,híbrido,231 HP,39459.81
1255,195.0,1.6,5,5,4,automatic,electrico,473 HP,106295.94
1256,195.0,1.6,4,5,3,manual,electrico,411 HP,138453.41
1257,165.0,1.4,5,5,4,manual,gasolina,225 HP,123060.78
1264,185.0,1.6,4,5,4,manual,gasolina,472 HP,60529.72
1265,184.0,2.0,5,5,2,automatic,diesel,433 HP,134681.61
1266,202.0,1.6,3,5,4,automatic,híbrido,276 HP,155058.62
1287,190.0,2.0,5,7,1,automatic,gasolina,492 HP,185017.64
1288,130.0,2.5,3,6,5,manual,híbrido,305 HP,161893.03
1293,130.0,2.5,3,7,5,automatic,electrico,369 HP,67476.38
1311,150.0,1.6,5,5,2,automatic,gasolina,332 HP,30971.92
1312,0.0,1.1,5,7,5,automatic,diesel,301 HP,148716.69
1313,150.0,1.6,5,5,2,manual,electrico,455 HP,191630.25
1321,185.0,2.0,5,5,2,automatic,híbrido,415 HP,185507.35
1322,219.0,2.5,4,5,3,manual,gasolina,176 HP,71738.66
1323,0.0,1.6,4,5,3,manual,gasolina,292 HP,107866.21
1324,130.0,2.7,2,23,5,automatic,diesel,181 HP,117435.89
1325,200.0,4.0,5,8,2,automatic,gasolina,278 HP,39149.85
1326,170.0,2.7,5,5,2,automatic,electrico,235 HP,150657.26
1327,180.0,1.8,5,5,4,automatic,híbrido,324 HP,39195.53
1328,220.0,2.5,4,5,3,automatic,diesel,170 HP,171424.92
1329,170.0,1.3,4,5,3,manual,híbrido,223 HP,66432.94
1330,195.0,1.6,4,5,3,automatic,gasolina,258 HP,92836.4
1331,175.0,4.0,5,5,2,automatic,híbrido,372 HP,86616.53
1332,180.0,2.7,5,5,2,manual,híbrido,229 HP,67366.79
1333,180.0,2.4,5,7,1,automatic,gasolina,378 HP,146618.77
1334,230.0,4.0,4,5,2,manual,diesel,147 HP,48619.13
1335,226.0,2.0,2,4,10,manual,diesel,437 HP,158978.16
1336,0.0,4.7,5,7,2,manual,gasolina,381 HP,96823.72
1337,205.0,2.5,3,5,10,automatic,diesel,484 HP,87485.91
1341,180.0,2.4,5,7,1,automatic,electrico,463 HP,44012.57
1342,0.0,2.7,5,7,1,manual,híbrido,430 HP,84653.95
1385,0.0,1.3,5,5,4,manual,híbrido,369 HP,48921.01
1386,190.0,2.0,4,5,3,manual,diesel,318 HP,148177.39
1387,200.0,2.5,4,5,3,manual,gasolina,422 HP,152791.71
1388,0.0,1.6,4,5,3,manual,electrico,257 HP,95557.05
1389,168.0,1.3,5,5,4,automatic,electrico,305 HP,191174.34
1390,182.0,1.6,5,5,1,automatic,electrico,218 HP,53861.25
1392,0.0,2.7,5,5,2,automatic,gasolina,282 HP,133706.81
1395,135.0,2.0,4,11,5,manual,electrico,170 HP,51472.37
1396,135.0,2.0,4,9,5,manual,gasolina,208 HP,156397.47
1398,160.0,2.0,4,11,5,manual,electrico,451 HP,122122.85
1399,160.0,2.4,4,9,5,automatic,gasolina,397 HP,54611.35
1400,0.0,1.3,5,7,1,manual,híbrido,424 HP,51708.45
1401,0.0,2.0,4,5,8,manual,electrico,261 HP,90934.17
1402,150.0,2.4,4,5,8,manual,electrico,500 HP,52160.45
1404,140.0,2.4,5,7,2,manual,híbrido,165 HP,143964.29
1405,120.0,2.0,5,7,2,manual,híbrido,304 HP,88526.45
1406,120.0,2.0,4,5,8,manual,electrico,290 HP,36894.61
1407,120.0,2.0,4,5,8,manual,electrico,324 HP,192065.75
1408,125.0,2.4,4,5,8,automatic,gasolina,481 HP,119241.62
1409,125.0,2.2,5,5,2,manual,híbrido,296 HP,184664.51
1410,197.0,1.6,4,5,3,manual,diesel,286 HP,76067.48
1412,193.0,1.6,5,5,4,automatic,gasolina,492 HP,199922.08
1413,190.0,1.6,4,5,3,automatic,híbrido,134 HP,170051.51
1416,160.0,2.0,5,5,2,manual,electrico,200 HP,145471.79
1417,160.0,2.0,5,5,2,automatic,gasolina,203 HP,112705.41
1418,120.0,2.2,4,5,8,manual,electrico,170 HP,69605.95
1419,120.0,2.2,4,5,8,manual,electrico,474 HP,85935.17
1420,120.0,2.2,4,5,8,automatic,electrico,101 HP,37781.63
1424,140.0,1.3,5,5,1,manual,gasolina,161 HP,108890.51
1425,120.0,1.0,5,4,5,automatic,híbrido,262 HP,56981.91
1426,130.0,1.2,5,8,5,manual,híbrido,228 HP,157205.03
1427,120.0,1.0,5,8,5,automatic,electrico,428 HP,195088.06
1428,120.0,1.0,2,2,8,automatic,híbrido,404 HP,26809.9
1434,0.0,3.7,2,4,12,manual,gasolina,446 HP,136207.52
1435,0.0,3.3,2,2,10,manual,híbrido,234 HP,132525.63
1436,0.0,2.0,2,2,9,automatic,diesel,290 HP,34368.67
1437,0.0,1.6,4,5,3,manual,diesel,179 HP,154267.8
1438,0.0,1.6,5,5,4,manual,electrico,315 HP,93077.17
1439,160.0,1.5,4,5,3,manual,electrico,304 HP,67697.47
1441,170.0,1.5,4,5,3,automatic,diesel,462 HP,120679.74
1442,0.0,2.0,5,5,3,manual,gasolina,497 HP,44751.11
1443,165.0,1.6,5,5,2,manual,gasolina,355 HP,67715.56
1444,165.0,2.0,5,5,2,automatic,híbrido,182 HP,117690.91
1445,165.0,2.0,5,5,2,automatic,gasolina,143 HP,178185.37
1446,180.0,1.6,5,5,4,automatic,electrico,287 HP,105062.7
1447,170.0,1.6,5,7,1,automatic,diesel,494 HP,188667.97
1448,165.0,1.3,5,5,4,manual,híbrido,443 HP,71051.6
1450,165.0,1.6,4,5,3,automatic,electrico,344 HP,27477.64
1451,0.0,1.8,5,5,2,manual,híbrido,454 HP,188955.93
1452,178.0,2.0,4,5,3,manual,electrico,239 HP,197735.13
1453,0.0,1.8,5,5,2,automatic,diesel,127 HP,53391.78
1454,0.0,2.4,5,5,2,manual,electrico,282 HP,77665.1
1457,195.0,1.8,4,5,3,manual,diesel,473 HP,68040.96
1458,0.0,2.0,4,5,3,manual,electrico,353 HP,178726.28
1459,0.0,6.0,4,5,3,automatic,electrico,420 HP,179820.78
1470,155.0,2.3,4,9,5,automatic,diesel,471 HP,170224.68
1472,0.0,1.5,4,5,3,automatic,electrico,282 HP,111339.82
1473,165.0,1.3,5,5,4,automatic,gasolina,372 HP,32168.17
1474,0.0,1.8,5,5,2,automatic,electrico,314 HP,195971.86
1475,150.0,1.3,4,5,3,automatic,diesel,238 HP,163670.46
1476,0.0,1.5,5,5,4,automatic,diesel,419 HP,28075.46
1477,172.0,1.5,4,5,3,manual,electrico,303 HP,27596.73
1478,165.0,1.5,4,5,3,manual,electrico,164 HP,97867.77
1479,0.0,1.8,5,5,2,manual,híbrido,147 HP,99807.22
1480,0.0,2.4,4,5,4,automatic,electrico,157 HP,29385.78
1481,170.0,1.5,5,5,11,automatic,diesel,401 HP,195834.4
1482,165.0,1.5,5,5,4,automatic,gasolina,448 HP,130789.75
1483,170.0,1.5,4,5,3,automatic,híbrido,500 HP,31678.22
1485,165.0,1.5,5,5,11,manual,diesel,211 HP,116405.54
1486,165.0,1.5,5,5,4,manual,gasolina,326 HP,118049.37
1487,165.0,1.5,4,5,3,automatic,electrico,180 HP,190541.54
1488,172.0,1.3,5,5,4,manual,híbrido,142 HP,180453.85
1489,182.0,1.3,4,5,3,automatic,gasolina,155 HP,111452.15
1490,0.0,1.0,5,5,4,automatic,electrico,335 HP,179468.69
1491,0.0,1.3,5,5,4,manual,diesel,111 HP,155992.77
1492,0.0,1.5,4,5,3,manual,diesel,116 HP,99728.22
1494,145.0,1.0,4,5,3,manual,híbrido,302 HP,148310.79
1509,180.0,2.0,4,5,3,manual,híbrido,216 HP,176613.1
1516,180.0,1.8,4,5,3,manual,gasolina,119 HP,175174.37
1520,180.0,1.5,4,5,3,automatic,electrico,486 HP,78937.89
1521,170.0,1.5,5,5,1,manual,híbrido,455 HP,191853.19
1522,95.0,0.0,4,4,3,manual,híbrido,438 HP,121501.7
1524,160.0,1.9,4,8,5,automatic,gasolina,151 HP,68035.66
1526,165.0,2.0,5,7,1,automatic,híbrido,347 HP,89175.69
1527,175.0,1.5,5,5,2,automatic,híbrido,245 HP,96218.94
1528,180.0,2.0,5,5,2,manual,diesel,399 HP,86021.26
1529,120.0,2.2,4,5,8,automatic,híbrido,390 HP,138909.45
1530,160.0,2.0,5,5,2,manual,diesel,455 HP,107231.66
1531,175.0,1.3,4,5,3,manual,híbrido,362 HP,40178.92
1534,135.0,1.9,4,5,5,automatic,híbrido,417 HP,121968.29
1535,150.0,1.0,5,5,4,automatic,gasolina,345 HP,105214.66
1536,150.0,1.0,5,5,11,automatic,diesel,413 HP,104973.64
1543,175.0,1.5,4,5,3,manual,diesel,487 HP,46088.06
1544,140.0,2.0,4,5,8,manual,gasolina,234 HP,23913.61
1545,100.0,2.8,2,2,0,automatic,gasolina,471 HP,46458.23
1546,115.0,4.3,2,3,0,automatic,diesel,444 HP,139725.89
1549,165.0,2.0,5,5,2,manual,gasolina,238 HP,131400.8
1550,0.0,2.4,4,5,8,manual,gasolina,199 HP,166287.86
1551,160.0,2.4,5,5,2,automatic,diesel,305 HP,173002.37
1553,120.0,2.0,4,5,5,automatic,gasolina,387 HP,157251.28
1554,140.0,2.4,4,12,5,manual,gasolina,211 HP,160490.33
1556,135.0,2.0,4,6,5,automatic,gasolina,262 HP,170074.47
1557,0.0,1.0,5,5,5,manual,electrico,318 HP,60914.54
1558,0.0,2.0,5,5,2,automatic,gasolina,410 HP,187590.36
1559,130.0,2.1,4,5,8,manual,diesel,386 HP,36876.14
1560,130.0,2.2,4,5,8,manual,electrico,488 HP,154767.83
1562,0.0,2.0,4,10,5,automatic,diesel,206 HP,170626.02
1563,160.0,1.5,5,5,2,manual,diesel,275 HP,93210.08
1564,0.0,2.2,4,5,8,automatic,diesel,306 HP,199626.17
1565,180.0,1.8,5,5,4,manual,diesel,135 HP,46128.9
1566,180.0,2.5,4,5,3,automatic,diesel,462 HP,150877.26
1567,225.0,2.5,4,5,3,manual,diesel,276 HP,24787.01
1568,190.0,2.5,4,5,3,manual,diesel,407 HP,158079.98
1569,180.0,4.0,5,7,2,manual,híbrido,429 HP,196118.39
1570,225.0,2.5,4,5,3,manual,diesel,252 HP,102324.39
1571,210.0,2.5,2,4,9,automatic,electrico,261 HP,102318.93
1572,325.0,4.8,2,2,10,manual,electrico,284 HP,32864.75
1573,250.0,4.6,4,5,3,manual,híbrido,371 HP,138913.17
1574,250.0,5.0,4,5,3,manual,diesel,134 HP,153520.05
1575,220.0,5.7,5,8,2,manual,híbrido,417 HP,76381.91
1576,270.0,5.0,2,4,10,manual,híbrido,106 HP,45188.68
1577,200.0,2.7,5,5,2,manual,gasolina,458 HP,66397.6
1578,200.0,3.5,5,5,2,automatic,gasolina,124 HP,73986.1
1587,198.0,2.5,4,5,3,manual,híbrido,211 HP,176216.3
1588,115.0,1.0,5,5,5,automatic,híbrido,111 HP,188346.17
1589,160.0,1.3,5,5,4,manual,gasolina,360 HP,117548.11
1590,155.0,1.3,4,5,3,manual,híbrido,454 HP,165758.42
1591,160.0,1.3,5,5,4,automatic,híbrido,230 HP,154834.11
1592,170.0,1.3,4,5,3,manual,híbrido,287 HP,174066.64
1593,160.0,1.5,4,5,3,automatic,electrico,285 HP,66912.89
1594,160.0,1.5,4,5,3,automatic,híbrido,459 HP,90677.98
1595,175.0,1.5,4,5,3,automatic,electrico,401 HP,124369.8
1597,170.0,1.8,5,5,2,manual,electrico,479 HP,191225.61
1598,120.0,1.3,5,5,5,automatic,gasolina,256 HP,23722.88
1601,155.0,1.3,5,5,4,manual,electrico,437 HP,117557.97
1602,190.0,1.6,4,5,3,automatic,electrico,411 HP,142351.36
1603,0.0,1.5,5,5,6,automatic,gasolina,438 HP,130576.08
1604,210.0,1.6,5,5,6,manual,electrico,326 HP,156235.0
1605,180.0,1.5,5,5,3,manual,electrico,244 HP,42622.74
1606,250.0,0.0,4,5,3,manual,diesel,172 HP,130011.56
1607,250.0,6.6,2,4,3,manual,diesel,378 HP,79003.23
1608,0.0,6.7,4,5,3,manual,electrico,421 HP,113891.87
1609,203.0,2.0,4,5,3,automatic,gasolina,218 HP,122099.67
1610,185.0,2.5,5,7,1,automatic,electrico,298 HP,122292.94
1611,173.0,2.5,5,5,2,automatic,gasolina,124 HP,95268.15
1612,200.0,2.0,4,5,3,manual,electrico,137 HP,127443.73
1613,198.0,2.0,5,5,6,manual,gasolina,194 HP,88576.7
1614,201.0,2.0,4,5,3,manual,diesel,232 HP,153027.75
1615,203.0,2.0,4,5,3,manual,electrico,415 HP,126996.99
1618,192.0,3.7,5,7,2,manual,gasolina,393 HP,169027.8
1619,194.0,2.0,2,2,9,automatic,híbrido,339 HP,165422.85
1620,176.0,1.6,5,5,4,automatic,diesel,106 HP,158337.9
1629,188.0,2.0,5,7,1,automatic,gasolina,307 HP,152451.99
1630,188.0,1.5,5,5,4,automatic,híbrido,389 HP,64746.09
1631,172.0,1.3,5,5,4,automatic,gasolina,265 HP,138175.93
1632,172.0,1.3,4,5,3,manual,híbrido,235 HP,49469.09
1633,187.0,1.6,4,5,3,automatic,electrico,500 HP,37962.97
1634,174.0,1.6,4,5,3,automatic,diesel,452 HP,145037.74
1635,178.0,1.6,4,5,3,manual,diesel,455 HP,191956.89
1636,187.0,2.0,5,5,2,manual,híbrido,488 HP,41682.93
1637,192.0,1.5,5,4,3,automatic,diesel,250 HP,24667.65
1639,0.0,2.0,4,5,3,automatic,gasolina,107 HP,50765.02
1640,0.0,3.5,5,7,2,automatic,diesel,402 HP,41982.23
1641,0.0,3.0,5,5,2,automatic,diesel,211 HP,170264.77
1643,0.0,3.5,4,5,3,automatic,electrico,159 HP,29485.76
1644,0.0,3.5,4,5,3,manual,electrico,465 HP,161437.12
1645,0.0,3.7,5,5,4,automatic,híbrido,157 HP,178491.91
1649,0.0,1.5,4,5,3,manual,diesel,378 HP,189046.01
1651,180.0,1.8,4,5,3,automatic,diesel,102 HP,167069.24
1652,182.0,1.8,5,7,1,manual,híbrido,458 HP,98639.2
1653,170.0,1.5,5,5,4,automatic,diesel,265 HP,156308.08
1654,170.0,1.5,5,5,6,manual,híbrido,149 HP,132695.32
1655,145.0,1.0,5,5,4,automatic,híbrido,158 HP,56613.92
1656,170.0,1.6,5,5,4,manual,diesel,492 HP,93003.93
1657,175.0,1.6,4,5,3,automatic,electrico,294 HP,20778.69
1659,175.0,1.5,4,5,3,automatic,diesel,460 HP,121834.02
1660,172.0,1.5,4,5,3,manual,gasolina,154 HP,107321.54
1661,150.0,1.0,5,5,4,manual,gasolina,155 HP,21788.63
1662,130.0,0.8,5,5,4,manual,gasolina,499 HP,28847.2
1664,167.0,1.3,3,5,4,automatic,híbrido,164 HP,45660.25
1665,150.0,1.3,5,5,2,automatic,electrico,405 HP,59426.65
1667,145.0,1.0,5,5,6,automatic,híbrido,293 HP,197893.07
1668,160.0,1.5,5,5,6,automatic,gasolina,223 HP,194707.01
1669,172.0,1.5,5,5,3,manual,electrico,278 HP,181548.67
1670,190.0,1.8,4,5,3,automatic,electrico,262 HP,134482.29
1671,175.0,1.6,5,5,2,automatic,diesel,316 HP,24986.44
1672,175.0,1.6,5,5,2,automatic,diesel,350 HP,152907.98
1673,175.0,2.0,5,5,2,automatic,electrico,457 HP,155972.85
1683,185.0,1.6,4,5,3,manual,híbrido,361 HP,44361.32
1686,170.0,1.6,4,5,3,manual,diesel,132 HP,190996.81
1687,195.0,2.0,4,5,3,automatic,gasolina,199 HP,180544.49
1688,145.0,1.0,5,5,4,manual,diesel,500 HP,149333.68
1691,185.0,2.0,4,5,3,automatic,electrico,362 HP,22805.28
1692,145.0,1.0,3,2,4,automatic,gasolina,460 HP,199482.54
1698,125.0,2.0,5,5,2,manual,gasolina,496 HP,168407.33
1699,0.0,1.1,3,4,4,automatic,diesel,101 HP,29897.2
1700,125.0,1.0,5,5,5,automatic,gasolina,474 HP,66860.06
1701,205.0,2.0,3,4,4,manual,electrico,206 HP,38869.93
1702,230.0,2.0,4,5,3,manual,diesel,236 HP,124936.39
1703,225.0,1.6,5,5,4,manual,gasolina,478 HP,64646.06
1704,220.0,2.0,5,5,4,automatic,híbrido,178 HP,177245.77
1705,230.0,2.0,5,5,7,manual,gasolina,228 HP,37925.67
1706,210.0,2.0,5,5,2,manual,electrico,484 HP,78946.83
1707,210.0,2.0,5,7,2,manual,híbrido,221 HP,105181.3
1719,235.0,2.5,2,4,9,manual,gasolina,200 HP,78346.96
1720,205.0,2.0,4,5,3,automatic,híbrido,490 HP,180482.24
1721,210.0,2.0,4,5,3,automatic,diesel,208 HP,44404.93
1722,220.0,2.0,4,5,3,automatic,gasolina,173 HP,33333.33
1723,210.0,2.5,5,7,2,automatic,diesel,458 HP,34940.76
1725,293.0,4.0,2,2,12,automatic,electrico,306 HP,148527.5
1728,203.0,1.8,5,7,1,manual,electrico,215 HP,23158.34
1730,213.0,1.8,5,5,4,manual,gasolina,377 HP,153684.3
1731,190.0,1.2,5,5,4,manual,electrico,424 HP,136882.51
1732,212.0,1.4,5,5,7,automatic,híbrido,229 HP,21129.94
1739,150.0,1.5,5,5,2,automatic,gasolina,124 HP,28937.2
1745,150.0,1.5,5,5,2,manual,electrico,486 HP,142686.02
1760,160.0,1.5,5,5,2,manual,gasolina,344 HP,196822.53
1784,110.0,1.0,2,2,0,manual,gasolina,217 HP,157934.79
1785,140.0,1.2,5,5,5,automatic,gasolina,459 HP,130919.21
1786,125.0,1.0,5,5,5,manual,diesel,364 HP,27402.63
1789,130.0,1.0,5,5,5,automatic,gasolina,272 HP,95345.97
1790,160.0,1.0,5,5,4,manual,híbrido,495 HP,41107.13
1791,170.0,1.3,4,5,3,automatic,híbrido,234 HP,79856.61
1793,180.0,1.6,5,5,4,automatic,híbrido,230 HP,67887.98
1794,180.0,1.6,5,5,4,manual,electrico,380 HP,83349.57
1795,180.0,1.6,4,5,3,automatic,gasolina,185 HP,159728.8
1796,165.0,1.3,5,5,4,manual,electrico,436 HP,161827.79
1797,0.0,1.6,5,5,2,manual,gasolina,222 HP,140970.87
1798,0.0,2.4,5,5,2,automatic,electrico,344 HP,165230.9
1799,215.0,2.4,4,5,3,automatic,gasolina,153 HP,20440.36
1800,195.0,1.6,5,5,4,manual,diesel,120 HP,154255.54
1811,0.0,1.3,3,4,2,automatic,electrico,356 HP,22387.04
1812,120.0,1.0,5,5,4,automatic,diesel,423 HP,175419.2
1813,170.0,1.4,5,5,4,manual,diesel,447 HP,23405.5
1814,170.0,1.4,4,5,3,manual,híbrido,480 HP,84159.73
1815,165.0,1.4,5,5,4,automatic,electrico,256 HP,61265.25
1816,165.0,1.4,4,5,3,automatic,electrico,348 HP,173787.93
1817,170.0,1.4,5,5,4,automatic,gasolina,345 HP,189842.13
1818,0.0,1.2,5,8,5,automatic,diesel,319 HP,107169.31
1819,168.0,1.3,4,5,3,manual,híbrido,139 HP,148092.11
1820,222.0,1.8,2,2,9,automatic,electrico,327 HP,183386.76
1821,235.0,1.8,2,2,10,automatic,híbrido,117 HP,36862.03
1825,250.0,3.5,2,4,10,manual,híbrido,299 HP,191938.48
1827,180.0,1.4,5,5,4,automatic,híbrido,367 HP,160852.48
1828,0.0,1.5,5,5,11,automatic,diesel,408 HP,77334.33
1829,200.0,1.5,5,5,4,automatic,electrico,460 HP,69293.61
1830,188.0,1.8,4,5,3,manual,híbrido,351 HP,117474.17
1831,188.0,1.8,5,5,6,manual,electrico,378 HP,116024.69
1832,215.0,1.8,4,5,3,manual,diesel,120 HP,137424.75
1836,175.0,1.3,5,5,4,manual,diesel,109 HP,90422.66
1837,0.0,3.8,2,2,10,automatic,diesel,405 HP,159588.37
1838,380.0,3.8,2,2,10,automatic,electrico,220 HP,27418.07
1841,333.0,3.8,2,2,10,manual,diesel,248 HP,133112.92
1842,181.0,2.4,5,5,2,automatic,electrico,140 HP,132862.69
1843,197.0,1.4,5,5,1,automatic,electrico,113 HP,99141.32
1845,200.0,1.4,3,5,4,manual,diesel,452 HP,44539.24
1847,0.0,2.0,5,5,7,manual,diesel,345 HP,109507.01
1856,188.0,1.4,5,5,1,manual,gasolina,413 HP,57015.02
1857,144.0,0.0,5,5,4,automatic,diesel,293 HP,71318.76
1858,155.0,1.2,5,5,4,automatic,gasolina,450 HP,31138.4
1859,185.0,1.6,5,5,4,automatic,híbrido,335 HP,87242.03
1860,185.0,1.6,5,5,4,automatic,electrico,419 HP,167854.29
1863,185.0,1.6,4,5,3,manual,gasolina,400 HP,161219.7
1864,0.0,1.6,5,5,2,automatic,híbrido,188 HP,59673.71
1865,0.0,3.0,5,7,2,manual,diesel,249 HP,192822.99
1866,170.0,3.0,5,5,2,automatic,híbrido,295 HP,61624.65
1867,190.0,2.4,5,7,1,manual,electrico,275 HP,74213.16
1870,199.0,2.4,2,4,3,manual,gasolina,413 HP,26854.81
1871,242.0,2.0,4,5,10,manual,gasolina,272 HP,149148.68
1874,190.0,2.0,5,5,2,manual,electrico,264 HP,120722.42
1885,190.0,2.0,5,5,2,manual,gasolina,227 HP,74559.95
1886,185.0,1.6,4,5,3,automatic,gasolina,247 HP,161730.28
1887,0.0,2.0,5,5,1,manual,diesel,127 HP,136960.91
1888,0.0,1.6,4,5,3,manual,híbrido,495 HP,85750.25
1889,185.0,1.6,4,5,3,manual,gasolina,143 HP,33535.14
1891,0.0,2.0,4,5,3,manual,electrico,351 HP,147602.42
1892,0.0,1.5,4,5,3,automatic,diesel,243 HP,76887.13
1893,200.0,1.8,4,5,3,automatic,híbrido,191 HP,82458.29
1894,210.0,1.8,4,5,3,automatic,electrico,189 HP,34865.62
1895,0.0,4.2,2,2,10,manual,gasolina,347 HP,134528.77
1898,220.0,2.7,2,2,10,manual,diesel,312 HP,63251.14
1899,140.0,1.2,5,8,5,automatic,gasolina,382 HP,85478.43
1901,120.0,1.0,5,5,5,automatic,híbrido,391 HP,68611.86
1904,120.0,1.2,5,8,5,manual,electrico,308 HP,145832.87
1905,176.0,1.4,5,5,4,automatic,electrico,462 HP,131406.12
1906,192.0,1.4,5,5,2,manual,híbrido,395 HP,145938.81
1907,190.0,1.8,4,5,3,manual,electrico,386 HP,94956.76
1908,200.0,1.4,4,5,3,automatic,diesel,204 HP,105826.37
1909,180.0,1.6,5,5,6,manual,gasolina,228 HP,162976.69
1910,175.0,2.4,5,5,2,manual,diesel,307 HP,23207.08
1911,160.0,1.2,5,5,4,manual,híbrido,116 HP,60692.4
1912,170.0,1.4,4,5,3,manual,híbrido,278 HP,150862.68
1914,165.0,1.2,5,5,4,automatic,híbrido,397 HP,171077.02
1915,165.0,1.2,4,5,3,manual,diesel,144 HP,192611.64
1917,176.0,1.4,4,5,3,manual,electrico,422 HP,98282.47
1918,160.0,1.4,5,4,4,manual,híbrido,125 HP,141627.47
1920,151.0,1.0,5,5,3,automatic,híbrido,225 HP,168971.5
1946,250.0,3.6,2,4,10,manual,electrico,284 HP,55436.86
1948,120.0,2.0,5,5,2,automatic,electrico,377 HP,158581.93
1949,0.0,1.5,5,5,4,automatic,electrico,329 HP,174885.22
1950,175.0,1.5,5,5,4,manual,electrico,248 HP,153027.84
1951,175.0,1.5,4,5,3,manual,electrico,449 HP,30357.51
1952,190.0,1.5,4,5,3,automatic,gasolina,293 HP,190918.73
1953,180.0,1.5,5,5,2,manual,electrico,316 HP,74728.55
1954,180.0,1.6,4,5,3,manual,híbrido,452 HP,35106.74
1955,160.0,1.5,5,5,11,manual,híbrido,448 HP,168519.22
1956,160.0,1.3,5,5,4,automatic,híbrido,400 HP,52846.09
1957,170.0,1.5,4,5,3,manual,electrico,387 HP,109325.21
1958,205.0,1.8,5,5,7,automatic,gasolina,452 HP,102735.2
1959,210.0,1.8,4,5,3,manual,diesel,327 HP,81726.77
1961,180.0,1.5,4,5,3,automatic,electrico,248 HP,163435.22
1962,250.0,3.0,4,5,3,automatic,gasolina,239 HP,192403.2
1970,250.0,6.0,5,5,2,automatic,electrico,488 HP,148477.96
1981,130.0,2.2,4,5,8,manual,gasolina,160 HP,20785.0
1983,130.0,2.2,4,5,8,manual,diesel,114 HP,89115.69
1984,150.0,2.2,4,5,8,automatic,gasolina,274 HP,51250.91
1985,130.0,2.8,4,5,8,manual,híbrido,460 HP,38004.31
1986,150.0,2.4,5,5,2,automatic,híbrido,197 HP,143863.63
1989,160.0,1.5,5,5,2,automatic,diesel,296 HP,112354.27
1993,135.0,2.2,4,5,8,automatic,gasolina,317 HP,140694.95
